date,paper,decision_id,topic,decision,alternative_rejected,reason,evidence_path,n_affected,status,locked_before_outcome,owner
2026-09-04,ALL,D-001,first_pass_scope,"Current first-pass release is Paper 1 and Paper 3; Paper 2 is later feasibility","Run all three papers in the first pass","Supplied timeline explicitly sequences Paper 1 then Paper 3 and parks Paper 2","Timeline_Riset1_Riset3.docx",,locked,yes,project_owner
2026-09-04,ALL,D-002,raw_boundary,"Original IFLS materials under IFLS/ remain unchanged; working extractions/pointers live under 00_raw/","Edit or overwrite source archives","Preserve reproducibility and source provenance","00_raw/README.md",,locked,yes,analyst
2026-09-04,ALL,D-003,stata_environment,"Stata 16.1 console executable detected; edition label requires reconciliation with About output","Assume a different Stata version or edition","Environment probe is the only current software evidence","99_docs/software_environment.txt",,open_pending_evidence,yes,project_owner
2026-09-05,R1,D-010,treatment_tier,"Primary is mother-led international work migration with verified work reason and verified destination outside Indonesia; domestic, any-parent, and unresolved episodes are supplementary or excluded","Use a broader any-parent or domestic treatment as primary","A country or episode that is not verified must not be converted into an international treatment","99_docs/decision_defaults_2026-09-05.md",,locked_conservative_default,yes,project_owner
2026-09-05,R1,D-011,primary_cohort,"Primary is W1-only; W2 is a separate supplementary/replication cohort and is never silently pooled","Pool W1 and W2 after inspecting support","W1 supplies the earliest baseline and longest follow-up","99_docs/decision_defaults_2026-09-05.md",,locked_conservative_default,yes,project_owner
2026-09-05,R1,D-012,baseline_treatment_contamination,"Primary requires both parents linked/present and no evidence of baseline left-censoring; one-parent, known nonresident/dead, no-link, unknown, and ambiguous cases are sensitivity only","Treat every W1 parent status as pre-treatment","Baseline covariates cannot be called pre-treatment when exposure may predate observation","99_docs/decision_defaults_2026-09-05.md",,locked_conservative_default,yes,project_owner
2026-09-05,R3,D-020,primary_cohort_age,"Primary is W2/W3 age 15 only; age 10-11 and 12-14 are descriptive/feasibility; W2 and W3 are reported separately or with an explicit wave indicator","Retain age 10-14 as inferential primary despite near-zero hours support","Hours-module support is 0/5 for W2 and 0/1 for W3 in the proposed younger bands","99_docs/decision_defaults_2026-09-05.md",,locked_conservative_default,yes,project_owner
2026-09-05,R3,D-021,chores_scope,"Chores are omitted from the primary and the paper is reframed as paid/market child labor; W1 chores may be exploratory only","Keep a gender/domestic-work claim without comparable hours","W2/W3 do not provide an exact individual weekly housework-hour measure","99_docs/decision_defaults_2026-09-05.md",,locked_conservative_default,yes,project_owner
2026-09-05,R3,D-022,child_labor_hours,"Primary uses codebook-valid last-week total hours from job 1 plus job 2, bounded 0-168, with age-15 threshold greater than 43; primary-job-only and normal-week rules are sensitivity only","Treat candidate threshold counts or special codes as final treatment","The detailed modules have sparse younger-age support and special numeric/status codes","99_docs/decision_defaults_2026-09-05.md",,locked_conservative_default,yes,project_owner
2026-09-05,R3,D-023,hazardous_work,"Hazardous work is omitted from primary; raw occupation/industry evidence is retained for a future versioned authoritative mapping","Infer hazard from unverified occupation text or broad industry codes","No authoritative mapping is present in the local project","99_docs/decision_defaults_2026-09-05.md",,locked_conservative_default,yes,project_owner
2026-09-05,ALL,D-030,survey_design,"Primary is unweighted conditional association with robust VCE clustered at the estimand-specific household; official weights/PSU/strata/svyset are sensitivity only after target-population crosswalk","Copy a generic weight, PSU, or geography variable across waves","The local audit found candidates but no complete official design specification","99_docs/decision_defaults_2026-09-05.md",,locked_conservative_default,yes,project_owner
2026-09-05,ALL,D-031,monetary_harmonization,"Household PCE and cross-wave monetary comparison are omitted from primary; W5 earnings are within-wave only; PCE and NPV remain parked","Assume historical PCE is comparable through W5","W5 PCE output is not identified and historical bases are incomplete","99_docs/decision_defaults_2026-09-05.md",,locked_conservative_default,yes,project_owner
2026-09-05,ALL,D-032,adult_outcome_window,"Primary outcomes are separate W5 outcome families for adults age 17-36; W4 is supplementary; incomplete mental-health candidates are not labelled CES-D-10","Switch the outcome family or window after seeing coefficients","W5 module coverage differs and b3b_vg is absent locally","99_docs/decision_defaults_2026-09-05.md",,locked_conservative_default,yes,project_owner
2026-09-05,R1,D-033,roster_anomalies,"Ambiguous multi-resident, HHID mismatch, and unresolved lineage cases are excluded from primary and retained as flagged sensitivity cases","Silently assign the ambiguous person to a household","The shared-spine gate passes keys but reports unresolved roster anomalies","99_docs/decision_defaults_2026-09-05.md",,locked_conservative_default,yes,project_owner
2026-09-05,R1,D-040,imdi_missingness,"The 14-item IMDI is not primary; outcome-specific listwise is primary; a reduced index is supplementary only after indicator and missingness audit; MICE is sensitivity","Promote MICE or an incomplete IMDI to primary","Several proposed IMDI/mental-health/PCE components are not fully supported locally","99_docs/decision_defaults_2026-09-05.md",,locked_conservative_default,yes,project_owner
2026-09-05,ALL,D-041,multiple_testing,"Apply Benjamini-Hochberg within each predeclared outcome family","Correct across an unstructured set of all outcomes","Family-level control preserves the research questions and prevents post-result grouping","99_docs/decision_defaults_2026-09-05.md",,locked_conservative_default,yes,project_owner
2026-09-05,ALL,D-042,interpretation_boundary,"All first-pass coefficients are adjusted associations; causal wording, IV, mediation, PSM/IPW, Heckman, FE, NPV, and national aggregation are parked","Describe first-pass coefficients as causal effects","Identification and extrapolation gates are not yet passed","99_docs/decision_defaults_2026-09-05.md",,locked_conservative_default,yes,project_owner
2026-09-04,ALL,D-050,npv_scope,"NPV is post-first-pass and scenario-only until earnings model, support, rates, and headcount are verified","Report a national loss number in the first pass","Supplied timeline parks valuation","99_docs/primary_specification_lock.md",,locked,yes,project_owner
2026-09-05,ALL,D-043,model_support_gate,"A model requires at least 10 treated observations 5 treated clusters and 20 controls; below-gate outcomes remain non-inferential","Broaden the sample or lower the gate after seeing support","R1 profit has 4 treated observations and is explicitly labelled support_below_gate","04_output/tables/first_pass_model_results.csv",,locked,yes,analyst
2026-09-05,ALL,D-044,first_pass_technical_gate,"Codebook recodes merges uniqueness sample flow and model metadata pass through the canonical Stata chain","Treat a successful command exit as sufficient evidence","30_final_quality_gate reports all analysis contracts pass","04_output/diagnostics/final_quality_gate.csv",,locked,yes,analyst
2026-09-05,ALL,D-045,first_pass_interpretation,"Results are adjusted associations with outcome-specific listwise deletion and BH q-values within paper-by-family","Use causal effect wording or national-loss wording","Identification and survey-provenance gates remain outside the first-pass release","99_docs/first_pass_result_memo_2026-09-05.md",,locked,yes,project_owner
