paper,wave,book,module,concept,canonical_name,raw_name,unit,coding,missing_rule,question_or_label,source_codebook,source_page,availability_status,merge_role,verified_by,date_verified,notes
R1,1,K,bukkar2,child roster,person_key,pidlink,person ID,constant panel identifier,retain raw missing,person tracking identifier,local DTA labels,not_pageed,verified,shared spine,Stata audit,2026-09-05,raw roster source
R1,1,K,bukkar2,parent link,father_parent_reference,ar10,within-household PID,raw code with special statuses,retain special codes,"father PID reference",local DTA labels,not_pageed,verified,relation spine,Stata audit,2026-09-05,not yet a treatment variable
R1,1,K,bukkar2,parent link,mother_parent_reference,ar11,within-household PID,raw code with special statuses,retain special codes,"mother PID reference",local DTA labels,not_pageed,verified,relation spine,Stata audit,2026-09-05,not yet a treatment variable
R1,1,MG,buk3mg1,migration screen,parent_migration_screen,mg20,person response,raw wave-specific code,retain raw code,"migration screen",local DTA labels,not_pageed,verified,raw evidence,Stata audit,2026-09-05,W1 source
R1,1,MG,buk3mg1,migration timing,parent_migration_since_age12,mg2100,age or timing response,raw wave-specific code,retain raw code,"migration since age 12",local DTA labels,not_pageed,verified,raw evidence,Stata audit,2026-09-05,W1 source
R1,1,MG,buk3mg2,migration episode,parent_migration_event,mg28;mg21d2;mg24yr;mg25;mg34,episode record,raw event and status codes,retain raw codes,"work reason and move details",local DTA labels,not_pageed,verified,raw evidence,Stata audit,2026-09-05,W1 has no direct country field in this audit
R1,1,K,bukkar2,baseline sex,child_female,w1_sex_spine from AR07,binary indicator,1=female derived only from AR07==3,retain raw and invalid flags,"W1 sex",DRU1195.4.Book1.pdf,not_pageed,verified,baseline control,Stata audit,2026-09-05,AR07 1=male 3=female
R1,1,K,bukkar2,baseline education,w1_education_level_raw,ar16,education category,codebook categories retained raw,retain special codes,"highest education level",DRU1195.4.Book1.pdf,not_pageed,verified,baseline control,Stata audit,2026-09-05,not converted to years
R1,1,K,bukkar2,baseline grade,w1_grade_completed_raw,ar17,grade category,raw 1-7 with special codes retained,retain special codes,"highest grade completed",DRU1195.4.Book1.pdf,not_pageed,verified,baseline supplementary,Stata audit,2026-09-05,grade semantics caveat retained
R1,1,K,bukkar2,baseline school,w1_current_school,ar18,binary response,1=yes 3=no; special codes invalid,retain special codes,"currently attending school",DRU1195.4.Book1.pdf,not_pageed,verified,baseline control candidate,Stata audit,2026-09-05,age-applicable response
R1,1,K,bukkar2,baseline activity,w1_primary_activity_raw,ar22,activity category,1 working 2 job search 3 school 4 housekeeping 5 retired 6 other,retain special codes,"primary activity",DRU1195.4.Book1.pdf,not_pageed,verified,baseline descriptive,Stata audit,2026-09-05,age-applicable response
R1,1,K,bukkar2,baseline household size,w1_hh_size,present W1 roster rows,person count,count present roster persons by valid W1 HHID,retain missing flags,"W1 household roster size",local spine construction,not_pageed,verified,baseline control,Stata audit,2026-09-05,derived from observed roster
R1,1,K,bukkar2,baseline parent age,mother_father_age,mother_pidlink;father_pidlink;person_spine age,years,linked parent age only after explicit within-HH parent link,retain link failure flags,"W1 parent age",local spine construction,not_pageed,verified,baseline control,Stata audit,2026-09-05,both parent ages used in core model
R1,2,MG,b3a_mg1,migration screen,parent_migration_screen,mg20b,person response,raw wave-specific code,retain raw code,"migration screen",local DTA labels,not_pageed,verified,raw evidence,Stata audit,2026-09-05,W2 source
R1,2,MG,b3a_mg1,migration timing,parent_migration_since_age12,mg21n,age or timing response,raw wave-specific code,retain raw code,"migration since age 12",local DTA labels,not_pageed,verified,raw evidence,Stata audit,2026-09-05,W2 source
R1,2,MG,b3a_mg2,migration episode,parent_migration_event,mg28;mg21e;mg24yr;mg25;mg34;mg40,episode record,raw event and status codes,retain raw codes,"work reason country timing and residence check",local DTA labels,not_pageed,verified,raw evidence,Stata audit,2026-09-05,W2 detail file copied from local original archive with identical hash
R1,3,MG,b3a_mg1,migration timing,parent_migration_since_age12,mg20c,age or timing response,raw wave-specific code,retain raw code,"migration since age 12",local DTA labels,not_pageed,verified,raw evidence,Stata audit,2026-09-05,W3 source
R1,3,MG,b3a_mg2,migration episode,parent_migration_event,mg28;mg21e;mg24yr;mg25;mg34,episode record,raw event and status codes,retain raw codes,"work reason country timing and household move",local DTA labels,not_pageed,verified,raw evidence,Stata audit,2026-09-05,raw evidence only
R1,4,MG,b3a_mg1,migration timing,parent_migration_since_age12,mg20c,age or timing response,raw wave-specific code,retain raw code,"migration since age 12",local DTA labels,not_pageed,verified,raw evidence,Stata audit,2026-09-05,W4 source
R1,4,MG,b3a_mg2,migration episode,parent_migration_event,mg28;mg21e;mg24yr;mg25;mg34,episode record,raw event and status codes,retain raw codes,"work reason country timing and household move",local DTA labels,not_pageed,verified,raw evidence,Stata audit,2026-09-05,raw evidence only
R1,5,MG,b3a_mg1,migration timing,parent_migration_since_age12,mg20c,age or timing response,raw wave-specific code,retain raw code,"migration since age 12",local DTA labels,not_pageed,verified,raw evidence,Stata audit,2026-09-05,W5 source
R1,5,MG,b3a_mg2,migration episode,parent_migration_event,mg28;mg21e;mg24yr;mg25;mg34,episode record,raw event and status codes,retain raw codes,"work reason country timing and household move",local DTA labels,not_pageed,verified,raw evidence,Stata audit,2026-09-05,raw evidence only
R3,2,TK,b3a_tk1,child work screen,child_work_screen,tk01;tk02;tk03;tk04,person response,1=work or yes; 3=no; special values retained,screen activity and economic-work follow-ups,local DTA labels,not_pageed,verified,screen support,Stata audit,2026-09-05,primary market screen uses tk01==1 or tk02==1 or tk04==1; tk03 alone is not market work
R3,2,TK,b3a_tk2,child work hours,child_work_hours_last_week,tk21a;tk21b;tk21ax;tk21bx;tk27,hours per last week,only status 1 and numeric 0-168; tk27==3 permits zero job-2 component,sums job 1 and job 2 last-week hours,local DTA labels,not_pageed,verified,hours support,Stata audit,2026-09-05,W2 detailed module locally available; >43 is primary age-15 threshold
R3,2,TK,b3a_tk2,child work regular hours,child_work_hours_normal_week,tk22a;tk22b,hours per normal week,raw numeric with special values flagged,do not recode before lock,"primary and side job normal weekly hours",local DTA labels,not_pageed,verified,hours support,Stata audit,2026-09-05,not final treatment
R3,2,TK,b3a_tk2,child work duration,child_work_weeks_last_year,tk23a;tk23b,weeks per year,raw numeric with special values flagged,do not recode before lock,"primary and side job weeks worked last year",local DTA labels,not_pageed,verified,duration support,Stata audit,2026-09-05,not final treatment
R3,2,TK,b3a_tk2,hazard evidence,job_industry_occupation,tk20aind;tk20aocc,job record,industry label and occupation code,retain raw fields,"ISIC industry and occupation",local DTA labels,not_pageed,verified,hazard candidate,Stata audit,2026-09-05,authoritative hazardous-work mapping still absent
R3,3,TK,b3a_tk1,child work screen,child_work_screen,tk01;tk02;tk03;tk04,person response,1=work or yes; 3=no; special values retained,screen activity and economic-work follow-ups,local DTA labels,not_pageed,verified,screen support,Stata audit,2026-09-05,primary numeric rule matches W2 structure; W3 local DTA has no value labels and this remains a limitation
R3,3,TK,b3a_tk2,child work hours,child_work_hours_last_week,tk21a;tk21b;tk21ax;tk21bx;tk27,hours per last week,only status 1 and numeric 0-168; tk27==3 permits zero job-2 component,sums job 1 and job 2 last-week hours,local DTA labels,not_pageed,verified,hours support,Stata audit,2026-09-05,W3 detailed module available; >43 is primary age-15 threshold; age support is thin
R3,3,TK,b3a_tk2,child work regular hours,child_work_hours_normal_week,tk22a;tk22b,hours per normal week,raw numeric with special values flagged,do not recode before lock,"job 1 and job 2 normal weekly hours",local DTA labels,not_pageed,verified,hours support,Stata audit,2026-09-05,not final treatment
R3,3,TK,b3a_tk2,child work duration,child_work_weeks_last_year,tk23a;tk23b,weeks per year,raw numeric with special values flagged,do not recode before lock,"job 1 and job 2 weeks worked per year",local DTA labels,not_pageed,verified,duration support,Stata audit,2026-09-05,not final treatment
R3,3,TK,b3a_tk2,hazard evidence,job_field_and_duties,tk19aa;tk20a,job record,field code and duty text,retain raw fields,"field of work and main duties",local DTA labels,not_pageed,verified,hazard candidate,Stata audit,2026-09-05,not directly equivalent to W2 coded occupation
R3,1,AW,buk3aw1,housework,individual_housework_screen,aw2_e,person response,raw activity code,retain raw code,"housework in past 7 days",local DTA labels,not_pageed,verified,chores candidate,Stata audit,2026-09-05,screen only
R3,1,AW,buk3aw1,housework time,individual_housework_time,aw3_e,time response,unit not yet locked,retain raw code,"time spent on housework in past 7 days",local DTA labels,not_pageed,candidate_unit_review,chores candidate,Stata audit,2026-09-05,unit and valid codes require owner review
R3,2,NA,not located,housework hours,individual_housework_hours,__none_exact__,hours per week,not located,not applicable,no exact comparable variable found,local inventory,not_pageed,not_located,chores candidate,Stata audit,2026-09-05,do not substitute household transfer fields
R3,3,NA,not located,housework hours,individual_housework_hours,__none_exact__,hours per week,not located,not applicable,no exact comparable variable found,local inventory,not_pageed,not_located,chores candidate,Stata audit,2026-09-05,do not substitute household transfer fields
R3,4,TK,b3a_tk1,housekeeping screen,individual_housekeeping_screen,tk01c,person response,raw activity code,retain raw code,housekeeping activity screen,local DTA labels,not_pageed,verified,chores candidate,Stata audit,2026-09-05,no compatible weekly hours
R3,5,TK,b3a_tk1,housekeeping screen,individual_housekeeping_screen,tk01c,person response,raw activity code,retain raw code,housekeeping activity screen,local DTA labels,not_pageed,verified,chores candidate,Stata audit,2026-09-05,no compatible weekly hours
R1,5,TK,b3a_tk1,adult employment,adult_employed,tk01,binary derived outcome,1=employed; valid TK01 codes 1 2 3 4 5 7 95,invalid observed codes and missing excluded,"primary activity",IFLS5_hh_codebooks/ifls2014_hhd_B3A.txt,not_pageed,verified,primary outcome,Stata audit,2026-09-05,W5 outcome family
R1,5,TK,b3a_tk2,adult earnings,net_salary_month,tk25a1;tk25a1x,monthly local currency,valid only TK25A1X==1 and 0<=TK25A1<999999997,invalid special and missing excluded,"salary wage last month job 1",IFLS5_hh_codebooks/ifls2014_hhd_B3A.txt,not_pageed,verified,primary outcome,Stata audit,2026-09-05,within-W5 only; no deflation
R1,5,TK,b3a_tk2,adult earnings,net_profit_month,tk26a1;tk26a1x,monthly local currency,valid TK26A1X 1 or 2 and 0<=TK26A1<999999999998,invalid special and missing excluded,"profit last month job 1",IFLS5_hh_codebooks/ifls2014_hhd_B3A.txt,not_pageed,verified,primary outcome,Stata audit,2026-09-05,signed profit retained; model uses ln(1+absolute value)
R1,5,TK,b3a_tk2,adult earnings,net_salary_year,tk25a2,annual local currency,raw survey coding,valid-code rule pending,"salary wage last year job 1",local DTA labels,not_pageed,verified,outcome candidate,Stata audit,2026-09-05,monetary harmonization pending
R1,5,KK,b3b_kk1,adult health,self_rated_health,kk01,ordinal response,1 very healthy 2 somewhat healthy 3 somewhat unhealthy 4 very unhealthy,valid only codes 1-4,general health,IFLS5_hh_codebooks/ifls2014_hhd_B3A.txt,not_pageed,verified,primary outcome,Stata audit,2026-09-05,higher derived score is better
R1,5,SW,b3a_sw,adult health,health_assessment,sw06,ordinal response,valid only codes 1-3,invalid and missing excluded,health status assessment,IFLS5_hh_codebooks/ifls2014_hhd_B3A.txt,not_pageed,verified,primary outcome,Stata audit,2026-09-05,kept as separate outcome
R1,5,US,bus_us,adult anthropometry,bmi_inputs,us04;us06,cm and kg,measured flags plus height 100-250 cm weight 20-250 kg BMI 10-80,invalid biological values excluded,height and weight,IFLS5_hh_codebooks/ifls2014_hhd_BUS.txt,not_pageed,verified,primary outcome,Stata audit,2026-09-05,derive BMI after measurement checks
R1,5,CD,b3b_cd2,adult listed condition,adult_any_listed_condition,cd01,condition response,yes=1 no=3 DK=8; collapse repeated conditions to person,DK and invalid patterns excluded,doctor diagnosed listed condition,IFLS5_hh_codebooks/ifls2014_hhd_B3B.txt,not_pageed,verified,primary outcome,Stata audit,2026-09-05,not labelled generic chronic disease
R1,5,DL,b3a_dl1,adult education,adult_college,dl06,education category,valid categories retained; college/university codes 60-63,invalid and missing excluded,highest education level,IFLS5_hh_codebooks/ifls2014_hhd_B3A.txt,not_pageed,verified,primary outcome,Stata audit,2026-09-05,grade raw retained outside first-pass family
R1,5,KM,b3b_km,adult smoking,adult_current_smoker,km01a;km01e;km04,person response,explicit cigarette history and current-use recode,missing or unsupported response excluded,tobacco and cigarette history,IFLS5_hh_codebooks/ifls2014_hhd_B3B.txt,not_pageed,verified,primary outcome,Stata audit,2026-09-05,not a generic tobacco-use index
R1,5,TR,b3a_tr,adult trust,social_trust_candidates,tr01;tr02;tr03;tr04;tr05;tr06,ordinal response,valid each item 1-4 and reverse score 5-item,invalid and missing excluded,village trust and safety items,IFLS5_hh_codebooks/ifls2014_hhd_B3A.txt,not_pageed,verified,primary outcome,Stata audit,2026-09-05,items kept separate; no validated composite claimed
R1,5,PK,b3a_pk1,adult marriage,marriage_status,pk00a,binary response,1 married/cohabiting 3 not married,invalid and missing excluded,current marital status,IFLS5_hh_codebooks/ifls2014_hhd_B3A.txt,not_pageed,verified,primary outcome,Stata audit,2026-09-05,marriage-history fields not used in first pass
R1,5,VG,b3b_vg,adult mental health,mental_health_symptom,vg05a,person response,raw symptom item,retain missing module,problem with depression last month,local inventory,not_pageed,file_missing,outcome candidate,Stata audit,2026-09-05,W5 module absent in local extraction; do not call CES-D-10
R1,1,PCE,pce93nom,household PCE,nominal_pce_per_capita,pce,monthly local currency,derived historical file,source-specific missing rule,monthly household per-capita expenditure,local PCE file,not_pageed,verified,candidate control/outcome,Stata audit,2026-09-05,no W1 real output audited
R1,2,PCE,pce97,household PCE,real_pce_components,rtotal;rfood;rnonfood,monthly real local currency,derived historical file,source-specific missing rule,real household expenditure components,local PCE file,not_pageed,verified,candidate control/outcome,Stata audit,2026-09-05,base and spatial rule documented separately
R1,3,PCE,pce00,household PCE,real_pce_components,rtotal;rfood;rnonfood,monthly real local currency,derived historical file,source-specific missing rule,real household expenditure components,local PCE file,not_pageed,verified,candidate control/outcome,Stata audit,2026-09-05,base and spatial rule documented separately
R1,4,PCE,pce07nom,household PCE,nominal_pce_file,pce07nom,monthly local currency,nominal derived file,source-specific missing rule,nominal PCE output file,local PCE file,not_pageed,verified,candidate control/outcome,Stata audit,2026-09-05,real W4 output not identified in local audit
ALL,2-5,tracking/SC,ptrack;htrack;bk_sc,survey design,weight_and_geography_candidates,pwt97l;hwt97l;sc01;sc05,person or household weight and geography,raw candidate fields,design rule pending,weight geography and urban-rural candidates,local DTA labels,not_pageed,verified,survey design,Stata audit,2026-09-05,PSU stratum target population and svyset remain open
